category,total_nodes,total_edges,news_articles,unique_users,avg_engagement_per_article,density,news_avg_degree,news_max_degree,news_min_degree,news_std_degree,user_avg_degree,user_max_degree,num_components,news_clustering,news_network_density,news_avg_shortest_path,news_avg_centrality
gossip_fake,524716,598299,5135,519581,116.51392405063291,4.3461077161126065e-06,116.51392405063291,2568,1,282.58119159821877,1.1515028455620973,18,4123,0.07518530497408697,0.00016576205596536674,5.775723980115205,0.00016576205596536674
gossip_real,892726,881627,15759,876967,55.9443492607399,2.212478185071832e-06,55.9443492607399,2082,1,80.30985119928376,1.0053137689331526,3,15609,0.0008333862131691943,1.2644448630803933e-06,2.0,1.2644448630803933e-06
politi_fake,165284,165352,392,164892,421.81632653061223,1.2105436289067067e-05,421.81632653061223,29060,1,1807.811483291662,1.0027897047764598,2,391,0.0,1.3048697739965551e-05,1.0,1.3048697739965553e-05
politi_real,399646,418164,409,399237,1022.4058679706601,5.236327277291193e-06,1022.4058679706601,27377,1,2846.488248047695,1.0474079306276722,6,316,0.07786298189721172,0.002001534109976509,5.050989345509893,0.0020015341099765094
